Username,First Name,Last Name,Role,User ID
inabeasley@testrunschool.org,Ina,Beasley,Teacher,231887
tonychavez@testrunschool.org,Tony,Chavez,Student,590822
reubenkaufman@testrunschool.org,Reuben,Kaufmann,Student,335363
ahmadmckenzie@testrunschool.org,Ahmad,McKenzie,Student,304246
ianferrell@testrunschool.org,Ian,Ferrell,Student,596100
suzannewarren@testrunschool.org,Suzanne,Warren,Student,422048
zacharyho@testrunschool.org,Zachary,Ho,Student,66710
williemelton@testrunschool.org,Willie,Melton,Student,55058
katelynwoodward@testrunschool.org,Katelyn,Woodward,Student,431217
staceyosborn@testrunschool.org,Stacey,Osborn,Student,331920
eliasorozco@testrunschool.org,Elias,Orozco,Student,699912
jamelcline@testrunschool.org,Jamel,Cline,Student,470260
orastephens@testrunschool.org,Ora,Stephens,Student,374422
lorenegutierrez@testrunschool.org,Lorene,Gutierrez,Student,415610
lucileterry@testrunschool.org,Lucile,Terry,Student,881260
antonymichael@testrunschool.org,Antony,Michael,Student,548381
cecilemerritt@testrunschool.org,Cecile,Merritt,Student,504743
josebass@testrunschool.org,Jose,Bass,Student,12946
albagarza@testrunschool.org,Alba,Garza,Student,44462
emmettdavidson@testrunschool.org,Emmett,Davidson,Student,896679